created_at,resolved_at,title,description
2025-01-01,2025-01-01 00:00:00,Issue 0,Description 0
2025-01-02,2025-01-02 01:00:00,Issue 1,Description 1
2025-01-03,2025-01-03 02:00:00,Issue 2,Description 2
2025-01-04,2025-01-04 03:00:00,Issue 3,Description 3
2025-01-05,2025-01-05 04:00:00,Issue 4,Description 4
2025-01-06,2025-01-06 05:00:00,Issue 5,Description 5
2025-01-07,2025-01-07 06:00:00,Issue 6,Description 6
2025-01-08,2025-01-08 07:00:00,Issue 7,Description 7
2025-01-09,2025-01-09 08:00:00,Issue 8,Description 8
2025-01-10,2025-01-10 09:00:00,Issue 9,Description 9
